event_id,event_name,district,state,latitude,longitude,year,start_date,end_date,recorded_flood_level_msl,peak_rainfall_24h_mm,historical_area_sqkm,major_waterbody,primary_driver,casualty_count,economic_loss_crore_inr
FLD-KAR-01,Mangalore Netravati River Estuary & Spit,Dakshina Kannada,Karnataka,12.8552,74.8384,2018,2018-05-29,2018-06-02,2.8,248.5,14.5,Netravati River & Arabian Sea,Monsoon Pluvial Surge & High Tide,4,125.0
FLD-KAR-02,Ullal & Kotepura Coastal Depression,Dakshina Kannada,Karnataka,12.822,74.845,2019,2019-08-08,2019-08-12,2.45,212.0,9.8,Netravati Estuarine Basin,Sea Surge Overtopping & River Inflow,2,65.0
FLD-KAR-03,Gurupura Baikampady & Jokatte Basin,Dakshina Kannada,Karnataka,12.915,74.84,2023,2023-07-06,2023-07-09,2.9,195.0,18.2,Gurupura (Phalguni) River,Torrential Rainfall Catchment Runoff,1,85.0
FLD-KAR-04,Udupi Malpe Port & Swarna Estuary,Udupi,Karnataka,13.3512,74.7042,2020,2020-09-19,2020-09-22,2.4,265.0,12.4,Swarna River & Malpe Channel,Cyclonic Cloudburst & Tidal Lock,3,92.0
FLD-KAR-05,Kundapura Panchagangavalli Estuary,Udupi,Karnataka,13.628,74.691,2021,2021-07-18,2021-07-21,2.65,230.0,16.8,Panchagangavalli 5-River Confluence,Monsoon Inflow & High Tide Convergence,2,45.0
FLD-KAR-06,Karwar Kali River Delta & Baithkol,Uttara Kannada,Karnataka,14.818,74.132,2021,2021-07-22,2021-07-26,3.1,280.0,22.5,Kali River & Arabian Sea,Upstream Supa Dam Spill & Tidal Surge,5,110.0
FLD-KAR-07,Honnavar Sharavathi Estuary Lowlands,Uttara Kannada,Karnataka,14.281,74.445,2019,2019-08-07,2019-08-11,2.95,310.0,19.4,Sharavathi River & Arabian Sea,Linganamakki Dam Discharge & Surge,3,75.0
FLD-KAR-08,Belagavi Krishna River Basin (Chikkodi),Belagavi,Karnataka,16.425,74.595,2019,2019-08-05,2019-08-15,5.8,240.0,85.0,Krishna & Ghataprabha Rivers,Massive Koyna Dam Release & Heavy Rain,18,850.0
FLD-KAR-09,Bagalkot Malaprabha River Inundation,Bagalkot,Karnataka,16.182,75.698,2019,2019-08-08,2019-08-14,4.9,190.0,64.0,Malaprabha River Basin,Reservoir Gate Discharge & Runoff,8,380.0
FLD-KAR-10,Kodagu Cauvery Headwaters (Bhagamandala),Kodagu,Karnataka,12.389,75.528,2018,2018-08-12,2018-08-18,4.2,365.0,34.0,Cauvery & Kannike River Confluence,Flash Mountain Cloudburst & Inundation,14,420.0
FLD-KER-01,Kochi Vembanad Lake & Willingdon Island,Ernakulam,Kerala,9.965,76.265,2018,2018-08-14,2018-08-20,3.2,310.0,28.4,Periyar River & Vembanad Backwaters,Extreme Monsoonal Dam Spill & Surge,48,1850.0
FLD-KER-02,Aluva Periyar River Bank & Sub-Station,Ernakulam,Kerala,10.108,76.352,2018,2018-08-15,2018-08-19,4.6,380.0,36.0,Periyar River Main Channel,Idamalayar & Idukki Dam Discharge,22,1200.0
FLD-KER-03,Kuttanad Below-Sea-Level Polder Basin,Alappuzha,Kerala,9.42,76.45,2018,2018-08-14,2018-08-25,2.9,290.0,68.0,"Pamba, Achankovil & Manimala Rivers",Polder Submersion & Severe Waterlogging,16,950.0
FLD-KER-04,Chengannur Pamba River Basin,Alappuzha,Kerala,9.318,76.615,2018,2018-08-15,2018-08-19,5.1,340.0,42.0,Pamba River Delta,Kakki & Anathode Dam Water Release,31,780.0
FLD-KER-05,Chalakudy River Delta & Highway Bridge,Thrissur,Kerala,10.305,76.335,2018,2018-08-15,2018-08-18,4.8,360.0,38.0,Chalakudy River Basin,Sholayar Dam Spill & Flash Mountain Rush,19,640.0
FLD-KER-06,Wayanad Kabini River Valley (Mananthavady),Wayanad,Kerala,11.802,76.003,2019,2019-08-07,2019-08-11,4.1,395.0,31.0,Kabini & Panamaram Rivers,Severe Cloudburst & Mountain Valley Flash Flood,27,480.0
FLD-KER-07,Nilambur Chaliyar River Inundation,Malappuram,Kerala,11.278,76.225,2019,2019-08-08,2019-08-12,4.5,330.0,35.0,Chaliyar River Basin,Western Ghats Intense Runoff,21,350.0
FLD-KER-08,Munambam Vypin Estuary Channel,Ernakulam,Kerala,10.178,76.175,2021,2021-10-16,2021-10-19,2.3,185.0,14.2,Vypin Coastline & Arabian Sea,Tidal Ingress & Monsoon High Surge,2,40.0
FLD-KER-09,Thiruvananthapuram Karamana River Basin,Thiruvananthapuram,Kerala,8.482,76.965,2023,2023-10-14,2023-10-17,2.6,220.0,18.0,Karamana & Killiyar Rivers,Urban Cloudburst & Inflow Backlog,3,95.0
FLD-KER-10,Kannur Valapattanam River Delta,Kannur,Kerala,11.935,75.362,2020,2020-08-06,2020-08-09,2.85,245.0,20.5,Valapattanam Estuary & Arabian Sea,High Catchment Monsoon Inundation,4,85.0
FLD-TN-01,Chennai Great Adyar Delta & Foreshore,Chennai,Tamil Nadu,13.015,80.255,2015,2015-11-30,2015-12-05,3.4,494.0,38.5,Adyar River & Chembarambakkam,Extreme Pluvial Cloudburst & Estuary Surcharge,289,8500.0
FLD-TN-02,Chennai Cooum River & Central Lowlands,Chennai,Tamil Nadu,13.08,80.27,2023,2023-12-03,2023-12-06,3.1,340.0,32.0,Cooum River & Buckingham Canal,Tropical Cyclone Michaung Surge,17,3200.0
FLD-TN-03,Velachery & Pallikaranai Marshland Catchment,Chennai,Tamil Nadu,12.975,80.22,2023,2023-12-03,2023-12-07,2.9,380.0,24.5,Pallikaranai Wetland Basin,Urban Drainage Lock & Wetland Overflow,6,950.0
FLD-TN-04,Cuddalore Gadilam & Pennaiyar Delta,Cuddalore,Tamil Nadu,11.75,79.765,2015,2015-12-01,2015-12-05,3.6,410.0,54.0,Gadilam & Pennaiyar Rivers,Deep Depression Deluge & Coastal Lock,34,1100.0
FLD-TN-05,Nagapattinam Cauvery Tail-End Delta,Nagapattinam,Tamil Nadu,10.765,79.842,2018,2018-11-15,2018-11-18,3.8,280.0,62.0,Cauvery Delta & Bay of Bengal,Very Severe Cyclone Gaja Storm Surge,45,2400.0
FLD-TN-06,Thoothukudi Thamirabarani River Delta,Thoothukudi,Tamil Nadu,8.805,78.145,2023,2023-12-17,2023-12-20,4.2,520.0,58.0,Thamirabarani River & Gulf of Mannar,Historic Extreme 24h Cloudburst Deluge,31,1650.0
FLD-TN-07,Tirunelveli Thamirabarani Basin,Tirunelveli,Tamil Nadu,8.728,77.725,2023,2023-12-17,2023-12-19,4.7,460.0,44.0,Thamirabarani Main River Channel,Western Ghats Dam Gate Full Spill,18,920.0
FLD-TN-08,Madurai Vaigai River Lowland Corridor,Madurai,Tamil Nadu,9.925,78.12,2021,2021-11-18,2021-11-21,2.7,210.0,26.0,Vaigai River Channel,Vaigai Dam Full Outflow & Urban Rain,4,180.0
FLD-TN-09,Thanjavur Vennar & Vadavar Canals,Thanjavur,Tamil Nadu,10.785,79.138,2020,2020-11-25,2020-11-28,2.8,250.0,48.0,Cauvery Irrigation Network,Cyclone Nivar Monsoonal Overflow,8,320.0
FLD-TN-10,Rameswaram Island & Pamban Surge Strip,Ramanathapuram,Tamil Nadu,9.285,79.312,2022,2022-12-08,2022-12-10,2.9,195.0,15.0,Palk Strait & Gulf of Mannar,Cyclone Mandous Tidal Wave Ingress,2,70.0
FLD-MAH-01,Mumbai Great Mithi River Cloudburst,Mumbai Suburban,Maharashtra,19.035,72.845,2005,2005-07-26,2005-07-28,4.5,944.0,46.0,Mithi River & Mahim Creek,Historic Pluvial Cloudburst & 4.4m High Tide,1094,12000.0
FLD-MAH-02,Mumbai Mahim & Kurla Monsoon Ingress,Mumbai Suburban,Maharashtra,19.06,72.865,2023,2023-07-19,2023-07-22,2.75,215.0,19.5,Mithi River & Arabian Sea,Tidal Confluence & Drainage Saturation,5,450.0
FLD-MAH-03,Chiplun Vashishti River Flash Inundation,Ratnagiri,Maharashtra,17.532,73.518,2021,2021-07-22,2021-07-25,5.8,485.0,38.0,Vashishti River & Koyna Spill,Koyna Catchment Dam Spill & High Tide Lock,42,1100.0
FLD-MAH-04,Mahad Savitri River Delta Deluge,Raigad,Maharashtra,18.082,73.425,2021,2021-07-22,2021-07-24,5.4,460.0,32.0,Savitri River Basin,Mountain Torrent Cloudburst & Tidal Surcharge,36,850.0
FLD-MAH-05,Kolhapur Panchganga River Great Flood,Kolhapur,Maharashtra,16.705,74.243,2019,2019-08-05,2019-08-14,6.2,310.0,92.0,Panchganga River Channel,Radhanagari Dam Release & Backwater Stagnation,28,2200.0
FLD-MAH-06,Sangli Krishna River Floodplain,Sangli,Maharashtra,16.852,74.581,2019,2019-08-06,2019-08-15,5.9,275.0,88.0,Krishna River Main Basin,Almatti Dam Backwater Effect & Rain,22,1950.0
FLD-MAH-07,Thane Ulhas River & Kalyan Basin,Thane,Maharashtra,19.245,73.135,2019,2019-07-26,2019-07-29,3.8,340.0,44.0,Ulhas & Waldhuni Rivers,Mahalaxmi Express Stranding Event,8,520.0
FLD-MAH-08,Ratnagiri Kajali River Estuary,Ratnagiri,Maharashtra,16.985,73.3,2021,2021-07-22,2021-07-24,3.9,380.0,24.0,Kajali River & Bhatye Estuary,Estuarine Tidal Surcharge & Runoff,6,210.0
FLD-MAH-09,Pen Bhogawati River Tidal Basin,Raigad,Maharashtra,18.735,73.095,2020,2020-06-03,2020-06-05,3.2,290.0,18.0,Bhogawati River & Dharamtar Creek,Cyclone Nisarga Coastal Surge,4,160.0
FLD-MAH-10,Alibaug Coastal Lowland Swamps,Raigad,Maharashtra,18.641,72.875,2020,2020-06-03,2020-06-05,3.5,310.0,22.0,Arabian Sea Coastal Strip,Severe Cyclone Nisarga Direct Landfall Surge,7,340.0
FLD-GUJ-01,Surat Tapi River & Ukai Dam Release Deluge,Surat,Gujarat,21.1702,72.8311,2006,2006-08-07,2006-08-11,4.8,285.0,65.0,Tapi River & Gulf of Khambhat,Upstream Dam Release & High Spring Tide,150,4500.0
FLD-GUJ-02,Bharuch Narmada River Golden Bridge Basin,Bharuch,Gujarat,21.705,72.998,2023,2023-09-17,2023-09-20,5.2,240.0,72.0,Narmada River & Sardar Sarovar,18 Lakh Cusecs Dam Spill & Tidal Ingress,8,850.0
FLD-GUJ-03,Vadodara Vishwamitri River Crocodile Basin,Vadodara,Gujarat,22.307,73.181,2019,2019-07-31,2019-08-04,4.9,499.0,48.0,Vishwamitri River & Ajwa Dam,Historic 500mm Urban Cloudburst & Overflow,12,1200.0
FLD-GUJ-04,Navsari Purna River Coastal Plain,Navsari,Gujarat,20.95,72.93,2022,2022-07-12,2022-07-16,4.1,320.0,42.0,Purna River & Arabian Sea,Heavy Catchment Rain & High Tide Backlog,6,380.0
FLD-GUJ-05,Valsad Auranga River Lowlands,Valsad,Gujarat,20.61,72.93,2022,2022-07-11,2022-07-15,3.8,360.0,35.0,Auranga River & Arabian Sea,Auranga River Overflowing City Center,5,290.0
FLD-GUJ-06,Ahmedabad Sabarmati River Basin,Ahmedabad,Gujarat,23.022,72.571,2017,2017-07-23,2017-07-26,3.4,280.0,38.0,Sabarmati River & Dharoi Dam,Dharoi Dam Release into Low-Lying Wards,14,450.0
FLD-GUJ-07,Patan & Banaskantha Saraswati River Plain,Patan,Gujarat,23.85,72.125,2017,2017-07-24,2017-07-28,3.9,310.0,95.0,Saraswati & Banas Rivers,North Gujarat Massive Monsoonal Inundation,61,1800.0
FLD-GUJ-08,Jamnagar Coastal Strip (Cyclone Biparjoy),Jamnagar,Gujarat,22.47,70.057,2023,2023-06-15,2023-06-18,4.1,260.0,55.0,Gulf of Kutch Coastal Basin,Extremely Severe Cyclone Biparjoy Landfall,8,920.0
FLD-ODI-01,Puri Cyclone Fani Coastal Storm Surge,Puri,Odisha,19.8135,85.8312,2019,2019-05-02,2019-05-05,4.2,240.0,96.77,Mahanadi Delta & Bay of Bengal,Category 5 Extremely Severe Cyclone Fani,64,6200.0
FLD-ODI-02,Cuttack Mahanadi & Kathajodi Confluence,Cuttack,Odisha,20.4625,85.8828,2020,2020-08-28,2020-09-02,5.2,275.0,110.0,"Mahanadi, Kathajodi & Birupa Rivers",Hirakud Dam 46 Sluice Gates Release,17,1450.0
FLD-ODI-03,Kendrapara Brahmani River Delta,Kendrapara,Odisha,20.505,86.425,2022,2022-08-16,2022-08-21,4.6,290.0,84.0,Brahmani & Baitarani Rivers,Rengali Dam Release & Bay of Bengal Tide,12,890.0
FLD-ODI-04,Balasore Subarnarekha River Delta,Balasore,Odisha,21.495,86.935,2022,2022-08-20,2022-08-24,5.1,310.0,78.0,Subarnarekha River Basin,Galudih Barrage Discharge & Flash Flood,9,650.0
FLD-ODI-05,Bhadrak Baitarani River Inundation,Bhadrak,Odisha,21.055,86.51,2020,2020-08-27,2020-08-31,4.4,260.0,65.0,Baitarani River Basin,Akhuapada Gauge High Flood Level Breach,8,480.0
FLD-ODI-06,Jagatsinghpur Devi River Estuary,Jagatsinghpur,Odisha,19.98,86.32,2019,2019-05-03,2019-05-06,4.1,280.0,58.0,Devi River & Bay of Bengal,Cyclone Fani Storm Wave Penetration,14,820.0
FLD-ODI-07,Ganjam Rushikulya River Mouth,Ganjam,Odisha,19.38,85.05,2018,2018-10-11,2018-10-14,4.3,340.0,62.0,Rushikulya River & Bay of Bengal,Very Severe Cyclone Titli Coastal Surge,52,2800.0
FLD-ODI-08,Sambalpur Hirakud Downstream Plains,Sambalpur,Odisha,21.47,83.97,2020,2020-08-20,2020-08-23,4.8,230.0,52.0,Mahanadi Upper River Channel,Simultaneous Inflow & 34 Gate Release,6,310.0
FLD-WB-01,Kolkata Cyclone Amphan Hooghly Basin,Kolkata,West Bengal,22.5726,88.3639,2020,2020-05-20,2020-05-22,3.8,260.0,76.16,Hooghly River & Sundarbans Estuary,Super Cyclonic Storm Amphan Surge,86,7500.0
FLD-WB-02,South 24 Parganas Sundarbans Embankment,South 24 Parganas,West Bengal,21.95,88.75,2021,2021-05-26,2021-05-29,4.7,310.0,120.0,Matla & Bidyadhari Estuaries,Very Severe Cyclone Yaas Storm Surge,24,4200.0
FLD-WB-03,East Medinipur Digha & Khejuri Coast,Purba Medinipur,West Bengal,21.625,87.51,2021,2021-05-26,2021-05-28,4.5,290.0,65.0,Bay of Bengal Coastal Seawall,Cyclone Yaas Massive Seawall Breaches,18,2800.0
FLD-WB-04,Howrah Damodar River Basin (Udaynarayanpur),Howrah,West Bengal,22.72,87.97,2021,2021-08-01,2021-08-06,4.9,240.0,82.0,Damodar & Rupnarayan Rivers,DVC Dam Unprecedented Discharge,11,950.0
FLD-WB-05,Hooghly Khanakul Lowland Depression,Hooghly,West Bengal,22.715,87.86,2021,2021-08-02,2021-08-07,5.2,255.0,94.0,Damodar River & Mundeswari Channel,Embankment Breach & Water Stagnation,15,1100.0
FLD-WB-06,North 24 Parganas Ichamati River Basin,North 24 Parganas,West Bengal,22.7,88.85,2020,2020-05-20,2020-05-23,3.6,275.0,58.0,Ichamati & Jamuna Rivers,Cyclone Amphan & High Spring Tide,12,680.0
FLD-WB-07,Malda Ganga River Erosion & Flood (Manikchak),Malda,West Bengal,25.08,87.91,2021,2021-08-25,2021-09-02,5.6,220.0,115.0,Ganga & Fulhar Rivers,Severe Upstream Runoff & Riverbank Breach,22,1400.0
FLD-WB-08,Murshidabad Bhagirathi River Floodplain,Murshidabad,West Bengal,24.18,88.27,2021,2021-09-01,2021-09-07,5.1,210.0,86.0,Bhagirathi River Channel,Farakka Barrage Discharge & Inflow,14,850.0
FLD-ASM-01,Kaziranga National Park Brahmaputra Basin,Golaghat,Assam,26.5775,93.1711,2022,2022-05-14,2022-05-25,5.8,380.0,145.0,Brahmaputra River Main Basin,Pre-Monsoon Record River Discharge,32,1850.0
FLD-ASM-02,Silchar Barak River Urban Submersion,Cachar,Assam,24.8333,92.7789,2022,2022-06-19,2022-06-28,6.4,440.0,88.0,Barak River & Bethukandi Dyke,Bethukandi Embankment Breach Deluge,120,3100.0
FLD-ASM-03,Guwahati Brahmaputra Riverfront (Pandu),Kamrup Metropolitan,Assam,26.185,91.685,2022,2022-06-16,2022-06-22,5.2,320.0,64.0,Brahmaputra River (Pandu Gauge),Danger Level Breach by +1.85m,15,980.0
FLD-ASM-04,Majuli World's Largest River Island Basin,Majuli,Assam,26.95,94.215,2020,2020-07-12,2020-07-22,5.5,310.0,160.0,Brahmaputra & Subansiri Rivers,Total Island Submersion & Severe Erosion,18,720.0
FLD-ASM-05,Dhubri Brahmaputra International Border Gauge,Dhubri,Assam,26.02,89.97,2022,2022-06-20,2022-06-29,5.7,360.0,135.0,Brahmaputra River Outflow,Downstream Exit Basin Water Stagnation,24,1150.0
FLD-ASM-06,Barpeta Manas River Inundation,Barpeta,Assam,26.32,91.005,2022,2022-06-17,2022-06-25,5.3,390.0,110.0,Manas & Beki Rivers,Bhutan Foothills Runoff Torrent,28,890.0
FLD-ASM-07,Dhemaji Jiadhal River Flash Flood,Dhemaji,Assam,27.48,94.58,2021,2021-08-26,2021-09-02,4.9,340.0,78.0,Jiadhal 'Sorrow of Dhemaji' River,Sediment-Laden Flash Flood from Arunachal,9,340.0
FLD-ASM-08,Dibrugarh Brahmaputra Surcharge,Dibrugarh,Assam,27.4728,94.912,2020,2020-06-25,2020-07-05,5.1,290.0,95.0,Brahmaputra River Main Channel,Upper Assam Catchment Monsoon Flood,14,620.0
FLD-BIH-01,Kusaha Kosi River Great Avulsion Flood,Supaul,Bihar,26.52,86.95,2008,2008-08-18,2008-09-10,6.8,310.0,450.0,Kosi River 'Sorrow of Bihar',Historic Kusaha Barrage Avulsion Disaster,527,8500.0
FLD-BIH-02,Patna Ganga & Punpun River Confluence,Patna,Bihar,25.5941,85.1376,2019,2019-09-27,2019-10-04,5.4,342.0,75.0,"Ganga, Sone & Punpun Rivers",Extreme Urban Waterlogging & River Lock,73,3200.0
FLD-BIH-03,Darbhanga Bagmati & Kamla Balan Basin,Darbhanga,Bihar,26.1542,85.8918,2020,2020-07-20,2020-08-05,5.6,330.0,125.0,Bagmati & Kamla Balan Rivers,Embankment Breaches in 14 Locations,31,1450.0
FLD-BIH-04,Bhagalpur Ganga River High Flood Basin,Bhagalpur,Bihar,25.2425,86.9842,2021,2021-08-10,2021-08-22,5.8,240.0,110.0,Ganga River (Bhagalpur Gauge),Historic HFL Exceedance by +1.12m,18,920.0
FLD-BIH-05,Muzaffarpur Burhi Gandak Floodplain,Muzaffarpur,Bihar,26.1209,85.3647,2020,2020-07-24,2020-08-08,5.1,290.0,95.0,Burhi Gandak River Basin,Nepal Terai Runoff & Ring Bund Overtopping,22,850.0
FLD-BIH-06,Gopalganj Gandak River Inundation,Gopalganj,Bihar,26.4687,84.4441,2020,2020-07-22,2020-07-30,5.3,310.0,88.0,Gandak River & Valmiki Barrage,Valmikinagar 4.5 Lakh Cusecs Release,16,740.0
FLD-BIH-07,Saharsa Kosi Embankment Basin,Saharsa,Bihar,25.8835,86.6006,2021,2021-07-15,2021-07-28,5.5,280.0,130.0,Kosi River East Embankment,River Shifting & Water Stagnation,19,680.0
FLD-BIH-08,Katihar Mahananda & Ganga Confluence,Katihar,Bihar,25.539,87.571,2021,2021-08-15,2021-08-26,5.4,265.0,105.0,Ganga & Mahananda Rivers,Double River Surcharge in Low Delta,14,590.0
FLD-AP-01,Rajahmundry Godavari River Dowleswaram Barrage,East Godavari,Andhra Pradesh,17.0005,81.804,2022,2022-07-14,2022-07-20,5.9,310.0,115.0,Godavari River (Dowleswaram),25.8 Lakh Cusecs 3rd Warning Flood,26,2400.0
FLD-AP-02,Vijayawada Krishna River Prakasam Barrage,NTR District,Andhra Pradesh,16.5062,80.648,2019,2019-08-14,2019-08-19,4.9,275.0,68.0,Krishna River (Prakasam Barrage),8.2 Lakh Cusecs Gate Discharge,12,1150.0
FLD-AP-03,Konaseema Godavari Delta Islands (P Gannavaram),Dr. B.R. Ambedkar Konaseema,Andhra Pradesh,16.58,81.91,2022,2022-07-15,2022-07-22,4.3,290.0,85.0,Vasishta & Gautami Godavari Branches,Island Causeway Submersion & Tidal Lock,14,820.0
FLD-AP-04,Visakhapatnam Cyclone Hudhud Storm Surge,Visakhapatnam,Andhra Pradesh,17.6868,83.2185,2014,2014-10-12,2014-10-15,3.9,290.0,42.93,Meghadrigedda River & Bay of Bengal,Very Severe Cyclonic Storm Hudhud,49,3800.0
FLD-AP-05,Machilipatnam Krishna Delta Coastal Strip,Krishna,Andhra Pradesh,16.18,81.13,2020,2020-10-12,2020-10-15,3.4,260.0,48.0,Krishna River Mouth & Bay of Bengal,Deep Depression Coastal Surge,8,320.0
FLD-AP-06,Nellore Penna River Inundation,SPSR Nellore,Andhra Pradesh,14.4426,79.9865,2021,2021-11-18,2021-11-23,4.8,410.0,62.0,Penna River & Somasila Dam,Somasila 5.5 Lakh Cusecs Discharge,28,1400.0
FLD-AP-07,Tirupati Swarnamukhi River Cloudburst,Tirupati,Andhra Pradesh,13.6288,79.4192,2021,2021-11-18,2021-11-21,3.9,390.0,38.0,Swarnamukhi River Basin,Rayalaseema Unprecedented Cloudburst,19,680.0
FLD-TEL-01,Bhadrachalam Godavari River Historic Crest,Bhadradri Kothagudem,Telangana,17.6689,80.8936,2022,2022-07-15,2022-07-20,7.1,340.0,95.0,Godavari River (Bhadrachalam Gauge),Historic 71.3 Feet Flood Crest Breach,18,1600.0
FLD-TEL-02,Hyderabad Musi River Urban Deluge,Hyderabad,Telangana,17.385,78.4867,2020,2020-10-13,2020-10-16,4.2,320.0,45.0,Musi River & Himayat Sagar Outflow,Record 32cm Single Day Rainfall,80,5000.0
FLD-TEL-03,Kaleshwaram Godavari & Pranahita Confluence,Jayashankar Bhupalpally,Telangana,18.815,79.905,2022,2022-07-13,2022-07-18,6.5,310.0,82.0,Pranahita & Godavari Rivers,Immense Catchment Confluence Inflow,9,780.0
FLD-TEL-04,Mancherial Godavari Basin,Mancherial,Telangana,18.8679,79.4639,2022,2022-07-12,2022-07-16,5.2,280.0,54.0,Godavari River Channel,Upper Godavari Dam Sluice Discharges,7,340.0
FLD-UP-01,Gorakhpur Rapti & Rohini River Deluge,Gorakhpur,Uttar Pradesh,26.7606,83.3732,2021,2021-08-25,2021-09-05,5.4,280.0,115.0,Rapti & Rohini Rivers,Nepal Foothill Runoff & Embankment Overtopping,24,1150.0
FLD-UP-02,Varanasi Ganga River Ghat Inundation,Varanasi,Uttar Pradesh,25.3176,82.9739,2021,2021-08-12,2021-08-24,5.8,210.0,68.0,Ganga & Varuna Rivers,Ganga Above Danger Level at 71.9m,12,650.0
FLD-UP-03,Prayagraj Ganga & Yamuna Sangam Flood,Prayagraj,Uttar Pradesh,25.4358,81.8463,2021,2021-08-10,2021-08-22,5.9,225.0,74.0,Ganga & Yamuna Confluence,"Ken, Betwa & Chambal Massive Inflow",15,820.0
FLD-UP-04,Ayodhya Ghaghara (Saryu) River Basin,Ayodhya,Uttar Pradesh,26.7922,82.1998,2022,2022-10-08,2022-10-15,4.9,240.0,85.0,Ghaghara (Saryu) River,Late Monsoon Unprecedented Dam Releases,11,490.0
FLD-UP-05,Bahraich Ghaghara Floodplain (Elgin Bridge),Bahraich,Uttar Pradesh,27.57,81.6,2021,2021-08-18,2021-08-28,5.6,270.0,120.0,Ghaghara River (Elgin Bridge Gauge),HFL Danger Level Exceedance,19,780.0
FLD-UP-06,Ballia Ganga & Ghaghara Confluence,Ballia,Uttar Pradesh,25.76,84.15,2021,2021-08-15,2021-08-28,5.7,230.0,105.0,Ganga & Ghaghara Confluence,Eastern UP Low Plain Water Entrapment,16,720.0
FLD-GOA-01,Goa Mandovi River & Panaji Waterfront Surge,North Goa,Goa,15.4909,73.8278,2021,2021-07-22,2021-07-25,2.3,225.0,14.45,Mandovi River & Arabian Sea,Prolonged Monsoon Runoff & High Tide,2,80.0
FLD-GOA-02,Ponda Khandepar River Flash Flood,North Goa,Goa,15.402,74.015,2021,2021-07-23,2021-07-25,3.8,290.0,18.0,Khandepar River (Mandovi Tributary),Western Ghats Intense Cloudburst Overflow,1,45.0
FLD-GOA-03,Margao Sal River Coastal Basin,South Goa,Goa,15.273,73.958,2020,2020-08-05,2020-08-08,2.4,240.0,12.5,Sal River & Arabian Sea Coast,Tidal Surge & Agricultural Sluice Overtopping,0,35.0
FLD-UK-01,Kedarnath Mandakini Glacial Lake Outburst,Rudraprayag,Uttarakhand,30.7346,79.0669,2013,2013-06-16,2013-06-18,8.5,385.0,28.0,Mandakini River & Chorabari Lake,Historic Glacial Lake Outburst Flash Flood (GLOF),5700,15000.0
FLD-UK-02,Rishi Ganga & Dhauliganga Flash Flood,Chamoli,Uttarakhand,30.55,79.56,2021,2021-02-07,2021-02-08,7.8,120.0,15.0,Rishi Ganga & Alaknanda Rivers,Glacier Rock-Ice Avalanche Surge,204,3500.0
FLD-HP-01,Kullu & Manali Beas River Flash Flood,Kullu,Himachal Pradesh,32.2396,77.1887,2023,2023-07-09,2023-07-12,6.8,420.0,48.0,Beas River Channel,Extreme Himalayan Monsoon Cloudburst Deluge,71,4200.0
FLD-HP-02,Mandi Beas River & Pandoh Dam Basin,Mandi,Himachal Pradesh,31.7087,76.932,2023,2023-07-09,2023-07-13,6.2,380.0,42.0,Beas River & Pandoh Dam Spill,Unprecedented Dam Overflow & Highway Washaway,45,2800.0
FLD-PUN-01,Rupnagar Sutlej River Inundation,Rupnagar,Punjab,30.9664,76.5331,2023,2023-07-09,2023-07-14,4.9,310.0,65.0,Sutlej River & Bhakra Dam Release,Bhakra Catchment Record Inflow Spill,12,680.0
FLD-PUN-02,Patiala Ghaggar River Embankment Breach,Patiala,Punjab,30.3398,76.3869,2023,2023-07-10,2023-07-16,5.1,280.0,78.0,Ghaggar River Basin,Ghaggar River 300-Foot Embankment Breach,18,920.0
FLD-HAR-01,Yamunanagar Hathnikund Barrage & Yamuna Basin,Yamunanagar,Haryana,30.315,77.355,2023,2023-07-10,2023-07-14,5.6,340.0,84.0,Yamuna River (Hathnikund Barrage),Record 3.6 Lakh Cusecs Water Discharge,15,850.0
FLD-DEL-01,Delhi Yamuna River Record 208.66m Breach,Central Delhi,Delhi,28.6692,77.2315,2023,2023-07-11,2023-07-16,5.8,220.0,38.0,Yamuna River (Old Railway Bridge),All-Time Highest Flood Level 208.66m MSL,8,1500.0
